id,event,customerId,timestamp,properties,sourceMode
ACT-0001,session_started,CUS-0018,2025-03-01T07:01:00.000Z,"{""sessionId"":""session-0001"",""device"":""desktop"",""region"":""US-NY""}",synthetic
ACT-0002,product_viewed,CUS-0018,2025-03-01T07:02:00.000Z,"{""sessionId"":""session-0001"",""device"":""desktop"",""region"":""US-NY"",""productId"":""product-2""}",synthetic
ACT-0003,search_used,CUS-0018,2025-03-01T07:03:00.000Z,"{""sessionId"":""session-0001"",""device"":""desktop"",""region"":""US-NY"",""resultCount"":23}",synthetic
ACT-0004,cart_added,CUS-0018,2025-03-01T07:04:00.000Z,"{""sessionId"":""session-0001"",""device"":""desktop"",""region"":""US-NY"",""quantity"":2}",synthetic
ACT-0005,checkout_started,CUS-0018,2025-03-01T07:06:00.000Z,"{""sessionId"":""session-0001"",""device"":""desktop"",""region"":""US-NY"",""cartValueUsd"":21}",synthetic
ACT-0006,checkout_completed,CUS-0018,2025-03-01T07:09:00.000Z,"{""sessionId"":""session-0001"",""device"":""desktop"",""region"":""US-NY"",""cartValueUsd"":21}",synthetic
ACT-0007,session_started,CUS-0035,2025-03-01T08:02:00.000Z,"{""sessionId"":""session-0002"",""device"":""mobile"",""region"":""CA-ON""}",synthetic
ACT-0008,product_viewed,CUS-0035,2025-03-01T08:03:00.000Z,"{""sessionId"":""session-0002"",""device"":""mobile"",""region"":""CA-ON"",""productId"":""product-3""}",synthetic
ACT-0009,session_started,CUS-0002,2025-03-01T09:03:00.000Z,"{""sessionId"":""session-0003"",""device"":""desktop"",""region"":""US-IL""}",synthetic
ACT-0010,product_viewed,CUS-0002,2025-03-01T09:04:00.000Z,"{""sessionId"":""session-0003"",""device"":""desktop"",""region"":""US-IL"",""productId"":""product-4""}",synthetic
ACT-0011,cart_added,CUS-0002,2025-03-01T09:06:00.000Z,"{""sessionId"":""session-0003"",""device"":""desktop"",""region"":""US-IL"",""quantity"":1}",synthetic
ACT-0012,checkout_started,CUS-0002,2025-03-01T09:08:00.000Z,"{""sessionId"":""session-0003"",""device"":""desktop"",""region"":""US-IL"",""cartValueUsd"":23}",synthetic
ACT-0013,checkout_completed,CUS-0002,2025-03-01T09:11:00.000Z,"{""sessionId"":""session-0003"",""device"":""desktop"",""region"":""US-IL"",""cartValueUsd"":23}",synthetic
ACT-0014,session_started,CUS-0019,2025-03-01T10:04:00.000Z,"{""sessionId"":""session-0004"",""device"":""desktop"",""region"":""US-CA""}",synthetic
ACT-0015,product_viewed,CUS-0019,2025-03-01T10:05:00.000Z,"{""sessionId"":""session-0004"",""device"":""desktop"",""region"":""US-CA"",""productId"":""product-5""}",synthetic
ACT-0016,search_used,CUS-0019,2025-03-01T10:06:00.000Z,"{""sessionId"":""session-0004"",""device"":""desktop"",""region"":""US-CA"",""resultCount"":48}",synthetic
ACT-0017,session_started,CUS-0036,2025-03-02T11:05:00.000Z,"{""sessionId"":""session-0005"",""device"":""mobile"",""region"":""AU-NSW""}",synthetic
ACT-0018,product_viewed,CUS-0036,2025-03-02T11:06:00.000Z,"{""sessionId"":""session-0005"",""device"":""mobile"",""region"":""AU-NSW"",""productId"":""product-6""}",synthetic
ACT-0019,session_started,CUS-0003,2025-03-02T12:06:00.000Z,"{""sessionId"":""session-0006"",""device"":""tablet"",""region"":""US-CA""}",synthetic
ACT-0020,product_viewed,CUS-0003,2025-03-02T12:07:00.000Z,"{""sessionId"":""session-0006"",""device"":""tablet"",""region"":""US-CA"",""productId"":""product-7""}",synthetic
ACT-0021,cart_added,CUS-0003,2025-03-02T12:09:00.000Z,"{""sessionId"":""session-0006"",""device"":""tablet"",""region"":""US-CA"",""quantity"":1}",synthetic
ACT-0022,feature_exposed,CUS-0003,2025-03-02T12:10:00.000Z,"{""sessionId"":""session-0006"",""device"":""tablet"",""region"":""US-CA"",""featureId"":""FEAT-0002""}",synthetic
ACT-0023,checkout_started,CUS-0003,2025-03-02T12:11:00.000Z,"{""sessionId"":""session-0006"",""device"":""tablet"",""region"":""US-CA"",""cartValueUsd"":26}",synthetic
ACT-0024,checkout_completed,CUS-0003,2025-03-02T12:14:00.000Z,"{""sessionId"":""session-0006"",""device"":""tablet"",""region"":""US-CA"",""cartValueUsd"":26}",synthetic
ACT-0025,session_started,CUS-0020,2025-03-02T13:07:00.000Z,"{""sessionId"":""session-0007"",""device"":""desktop"",""region"":""US-NY""}",synthetic
ACT-0026,product_viewed,CUS-0020,2025-03-02T13:08:00.000Z,"{""sessionId"":""session-0007"",""device"":""desktop"",""region"":""US-NY"",""productId"":""product-8""}",synthetic
ACT-0027,session_started,CUS-0037,2025-03-02T14:08:00.000Z,"{""sessionId"":""session-0008"",""device"":""desktop"",""region"":""US-WA""}",synthetic
ACT-0028,product_viewed,CUS-0037,2025-03-02T14:09:00.000Z,"{""sessionId"":""session-0008"",""device"":""desktop"",""region"":""US-WA"",""productId"":""product-9""}",synthetic
ACT-0029,search_used,CUS-0037,2025-03-02T14:10:00.000Z,"{""sessionId"":""session-0008"",""device"":""desktop"",""region"":""US-WA"",""resultCount"":27}",synthetic
ACT-0030,session_started,CUS-0004,2025-03-02T15:09:00.000Z,"{""sessionId"":""session-0009"",""device"":""desktop"",""region"":""US-TX""}",synthetic
ACT-0031,product_viewed,CUS-0004,2025-03-02T15:10:00.000Z,"{""sessionId"":""session-0009"",""device"":""desktop"",""region"":""US-TX"",""productId"":""product-10""}",synthetic
ACT-0032,cart_added,CUS-0004,2025-03-02T15:12:00.000Z,"{""sessionId"":""session-0009"",""device"":""desktop"",""region"":""US-TX"",""quantity"":1}",synthetic
ACT-0033,session_started,CUS-0021,2025-03-03T16:10:00.000Z,"{""sessionId"":""session-0010"",""device"":""tablet"",""region"":""GB-LND""}",synthetic
ACT-0034,product_viewed,CUS-0021,2025-03-03T16:11:00.000Z,"{""sessionId"":""session-0010"",""device"":""tablet"",""region"":""GB-LND"",""productId"":""product-11""}",synthetic
ACT-0035,search_used,CUS-0021,2025-03-03T16:12:00.000Z,"{""sessionId"":""session-0010"",""device"":""tablet"",""region"":""GB-LND"",""resultCount"":70}",synthetic
ACT-0036,cart_added,CUS-0021,2025-03-03T16:13:00.000Z,"{""sessionId"":""session-0010"",""device"":""tablet"",""region"":""GB-LND"",""quantity"":2}",synthetic
ACT-0037,feature_exposed,CUS-0021,2025-03-03T16:14:00.000Z,"{""sessionId"":""session-0010"",""device"":""tablet"",""region"":""GB-LND"",""featureId"":""FEAT-0001""}",synthetic
ACT-0038,session_started,CUS-0038,2025-03-03T17:11:00.000Z,"{""sessionId"":""session-0011"",""device"":""mobile"",""region"":""US-IL""}",synthetic
ACT-0039,product_viewed,CUS-0038,2025-03-03T17:12:00.000Z,"{""sessionId"":""session-0011"",""device"":""mobile"",""region"":""US-IL"",""productId"":""product-12""}",synthetic
ACT-0040,session_started,CUS-0005,2025-03-03T18:12:00.000Z,"{""sessionId"":""session-0012"",""device"":""tablet"",""region"":""CA-ON""}",synthetic
ACT-0041,product_viewed,CUS-0005,2025-03-03T18:13:00.000Z,"{""sessionId"":""session-0012"",""device"":""tablet"",""region"":""CA-ON"",""productId"":""product-13""}",synthetic
ACT-0042,search_used,CUS-0005,2025-03-03T18:14:00.000Z,"{""sessionId"":""session-0012"",""device"":""tablet"",""region"":""CA-ON"",""resultCount"":39}",synthetic
ACT-0043,session_started,CUS-0022,2025-03-03T19:13:00.000Z,"{""sessionId"":""session-0013"",""device"":""mobile"",""region"":""US-CA""}",synthetic
ACT-0044,product_viewed,CUS-0022,2025-03-03T19:14:00.000Z,"{""sessionId"":""session-0013"",""device"":""mobile"",""region"":""US-CA"",""productId"":""product-14""}",synthetic
ACT-0045,search_used,CUS-0022,2025-03-03T19:15:00.000Z,"{""sessionId"":""session-0013"",""device"":""mobile"",""region"":""US-CA"",""resultCount"":56}",synthetic
ACT-0046,cart_added,CUS-0022,2025-03-03T19:16:00.000Z,"{""sessionId"":""session-0013"",""device"":""mobile"",""region"":""US-CA"",""quantity"":2}",synthetic
ACT-0047,checkout_started,CUS-0022,2025-03-03T19:18:00.000Z,"{""sessionId"":""session-0013"",""device"":""mobile"",""region"":""US-CA"",""cartValueUsd"":33}",synthetic
ACT-0048,checkout_completed,CUS-0022,2025-03-03T19:21:00.000Z,"{""sessionId"":""session-0013"",""device"":""mobile"",""region"":""US-CA"",""cartValueUsd"":33}",synthetic
ACT-0049,session_started,CUS-0039,2025-03-03T20:14:00.000Z,"{""sessionId"":""session-0014"",""device"":""tablet"",""region"":""AU-NSW""}",synthetic
ACT-0050,product_viewed,CUS-0039,2025-03-03T20:15:00.000Z,"{""sessionId"":""session-0014"",""device"":""tablet"",""region"":""AU-NSW"",""productId"":""product-15""}",synthetic
ACT-0051,search_used,CUS-0039,2025-03-03T20:16:00.000Z,"{""sessionId"":""session-0014"",""device"":""tablet"",""region"":""AU-NSW"",""resultCount"":70}",synthetic
ACT-0052,cart_added,CUS-0039,2025-03-03T20:17:00.000Z,"{""sessionId"":""session-0014"",""device"":""tablet"",""region"":""AU-NSW"",""quantity"":3}",synthetic
ACT-0053,feature_exposed,CUS-0039,2025-03-03T20:18:00.000Z,"{""sessionId"":""session-0014"",""device"":""tablet"",""region"":""AU-NSW"",""featureId"":""FEAT-0005""}",synthetic
ACT-0054,checkout_started,CUS-0039,2025-03-03T20:19:00.000Z,"{""sessionId"":""session-0014"",""device"":""tablet"",""region"":""AU-NSW"",""cartValueUsd"":34}",synthetic
ACT-0055,checkout_completed,CUS-0039,2025-03-03T20:22:00.000Z,"{""sessionId"":""session-0014"",""device"":""tablet"",""region"":""AU-NSW"",""cartValueUsd"":34}",synthetic
ACT-0056,session_started,CUS-0006,2025-03-04T21:15:00.000Z,"{""sessionId"":""session-0015"",""device"":""desktop"",""region"":""GB-LND""}",synthetic
ACT-0057,product_viewed,CUS-0006,2025-03-04T21:16:00.000Z,"{""sessionId"":""session-0015"",""device"":""desktop"",""region"":""GB-LND"",""productId"":""product-16""}",synthetic
ACT-0058,session_started,CUS-0023,2025-03-04T06:16:00.000Z,"{""sessionId"":""session-0016"",""device"":""mobile"",""region"":""GB-LND""}",synthetic
ACT-0059,product_viewed,CUS-0023,2025-03-04T06:17:00.000Z,"{""sessionId"":""session-0016"",""device"":""mobile"",""region"":""GB-LND"",""productId"":""product-17""}",synthetic
ACT-0060,search_used,CUS-0023,2025-03-04T06:18:00.000Z,"{""sessionId"":""session-0016"",""device"":""mobile"",""region"":""GB-LND"",""resultCount"":59}",synthetic
ACT-0061,session_started,CUS-0040,2025-03-04T07:17:00.000Z,"{""sessionId"":""session-0017"",""device"":""desktop"",""region"":""CA-ON""}",synthetic
ACT-0062,product_viewed,CUS-0040,2025-03-04T07:18:00.000Z,"{""sessionId"":""session-0017"",""device"":""desktop"",""region"":""CA-ON"",""productId"":""product-18""}",synthetic
ACT-0063,cart_added,CUS-0040,2025-03-04T07:20:00.000Z,"{""sessionId"":""session-0017"",""device"":""desktop"",""region"":""CA-ON"",""quantity"":3}",synthetic
ACT-0064,checkout_started,CUS-0040,2025-03-04T07:22:00.000Z,"{""sessionId"":""session-0017"",""device"":""desktop"",""region"":""CA-ON"",""cartValueUsd"":37}",synthetic
ACT-0065,checkout_completed,CUS-0040,2025-03-04T07:25:00.000Z,"{""sessionId"":""session-0017"",""device"":""desktop"",""region"":""CA-ON"",""cartValueUsd"":37}",synthetic
ACT-0066,session_started,CUS-0007,2025-03-04T08:18:00.000Z,"{""sessionId"":""session-0018"",""device"":""tablet"",""region"":""GB-LND""}",synthetic
ACT-0067,session_started,CUS-0024,2025-03-04T09:19:00.000Z,"{""sessionId"":""session-0019"",""device"":""desktop"",""region"":""US-TX""}",synthetic
ACT-0068,product_viewed,CUS-0024,2025-03-04T09:20:00.000Z,"{""sessionId"":""session-0019"",""device"":""desktop"",""region"":""US-TX"",""productId"":""product-20""}",synthetic
ACT-0069,session_started,CUS-0041,2025-03-05T10:20:00.000Z,"{""sessionId"":""session-0020"",""device"":""tablet"",""region"":""US-NY""}",synthetic
ACT-0070,product_viewed,CUS-0041,2025-03-05T10:21:00.000Z,"{""sessionId"":""session-0020"",""device"":""tablet"",""region"":""US-NY"",""productId"":""product-21""}",synthetic
ACT-0071,search_used,CUS-0041,2025-03-05T10:22:00.000Z,"{""sessionId"":""session-0020"",""device"":""tablet"",""region"":""US-NY"",""resultCount"":52}",synthetic
ACT-0072,cart_added,CUS-0041,2025-03-05T10:23:00.000Z,"{""sessionId"":""session-0020"",""device"":""tablet"",""region"":""US-NY"",""quantity"":3}",synthetic
ACT-0073,feature_exposed,CUS-0041,2025-03-05T10:24:00.000Z,"{""sessionId"":""session-0020"",""device"":""tablet"",""region"":""US-NY"",""featureId"":""FEAT-0001""}",synthetic
ACT-0074,checkout_started,CUS-0041,2025-03-05T10:25:00.000Z,"{""sessionId"":""session-0020"",""device"":""tablet"",""region"":""US-NY"",""cartValueUsd"":40}",synthetic
ACT-0075,checkout_completed,CUS-0041,2025-03-05T10:28:00.000Z,"{""sessionId"":""session-0020"",""device"":""tablet"",""region"":""US-NY"",""cartValueUsd"":40}",synthetic
ACT-0076,session_started,CUS-0008,2025-03-05T11:21:00.000Z,"{""sessionId"":""session-0021"",""device"":""desktop"",""region"":""US-CA""}",synthetic
ACT-0077,product_viewed,CUS-0008,2025-03-05T11:22:00.000Z,"{""sessionId"":""session-0021"",""device"":""desktop"",""region"":""US-CA"",""productId"":""product-22""}",synthetic
ACT-0078,search_used,CUS-0008,2025-03-05T11:23:00.000Z,"{""sessionId"":""session-0021"",""device"":""desktop"",""region"":""US-CA"",""resultCount"":9}",synthetic
ACT-0079,cart_added,CUS-0008,2025-03-05T11:24:00.000Z,"{""sessionId"":""session-0021"",""device"":""desktop"",""region"":""US-CA"",""quantity"":1}",synthetic
ACT-0080,session_started,CUS-0025,2025-03-05T12:22:00.000Z,"{""sessionId"":""session-0022"",""device"":""desktop"",""region"":""US-NY""}",synthetic
ACT-0081,product_viewed,CUS-0025,2025-03-05T12:23:00.000Z,"{""sessionId"":""session-0022"",""device"":""desktop"",""region"":""US-NY"",""productId"":""product-23""}",synthetic
ACT-0082,session_started,CUS-0042,2025-03-05T13:23:00.000Z,"{""sessionId"":""session-0023"",""device"":""tablet"",""region"":""GB-LND""}",synthetic
ACT-0083,product_viewed,CUS-0042,2025-03-05T13:24:00.000Z,"{""sessionId"":""session-0023"",""device"":""tablet"",""region"":""GB-LND"",""productId"":""product-24""}",synthetic
ACT-0084,search_used,CUS-0042,2025-03-05T13:25:00.000Z,"{""sessionId"":""session-0023"",""device"":""tablet"",""region"":""GB-LND"",""resultCount"":59}",synthetic
ACT-0085,session_started,CUS-0009,2025-03-05T14:24:00.000Z,"{""sessionId"":""session-0024"",""device"":""tablet"",""region"":""CA-ON""}",synthetic
ACT-0086,product_viewed,CUS-0009,2025-03-05T14:25:00.000Z,"{""sessionId"":""session-0024"",""device"":""tablet"",""region"":""CA-ON"",""productId"":""product-1""}",synthetic
ACT-0087,search_used,CUS-0009,2025-03-05T14:26:00.000Z,"{""sessionId"":""session-0024"",""device"":""tablet"",""region"":""CA-ON"",""resultCount"":32}",synthetic
ACT-0088,cart_added,CUS-0009,2025-03-05T14:27:00.000Z,"{""sessionId"":""session-0024"",""device"":""tablet"",""region"":""CA-ON"",""quantity"":1}",synthetic
ACT-0089,feature_exposed,CUS-0009,2025-03-05T14:28:00.000Z,"{""sessionId"":""session-0024"",""device"":""tablet"",""region"":""CA-ON"",""featureId"":""FEAT-0005""}",synthetic
ACT-0090,checkout_started,CUS-0009,2025-03-05T14:29:00.000Z,"{""sessionId"":""session-0024"",""device"":""tablet"",""region"":""CA-ON"",""cartValueUsd"":44}",synthetic
ACT-0091,checkout_completed,CUS-0009,2025-03-05T14:32:00.000Z,"{""sessionId"":""session-0024"",""device"":""tablet"",""region"":""CA-ON"",""cartValueUsd"":44}",synthetic
ACT-0092,session_started,CUS-0026,2025-03-06T15:25:00.000Z,"{""sessionId"":""session-0025"",""device"":""mobile"",""region"":""US-WA""}",synthetic
ACT-0093,product_viewed,CUS-0026,2025-03-06T15:26:00.000Z,"{""sessionId"":""session-0025"",""device"":""mobile"",""region"":""US-WA"",""productId"":""product-2""}",synthetic
ACT-0094,search_used,CUS-0026,2025-03-06T15:27:00.000Z,"{""sessionId"":""session-0025"",""device"":""mobile"",""region"":""US-WA"",""resultCount"":74}",synthetic
ACT-0095,session_started,CUS-0043,2025-03-06T16:26:00.000Z,"{""sessionId"":""session-0026"",""device"":""mobile"",""region"":""US-WA""}",synthetic
ACT-0096,product_viewed,CUS-0043,2025-03-06T16:27:00.000Z,"{""sessionId"":""session-0026"",""device"":""mobile"",""region"":""US-WA"",""productId"":""product-3""}",synthetic
ACT-0097,session_started,CUS-0010,2025-03-06T17:27:00.000Z,"{""sessionId"":""session-0027"",""device"":""mobile"",""region"":""US-CA""}",synthetic
ACT-0098,product_viewed,CUS-0010,2025-03-06T17:28:00.000Z,"{""sessionId"":""session-0027"",""device"":""mobile"",""region"":""US-CA"",""productId"":""product-4""}",synthetic
ACT-0099,cart_added,CUS-0010,2025-03-06T17:30:00.000Z,"{""sessionId"":""session-0027"",""device"":""mobile"",""region"":""US-CA"",""quantity"":1}",synthetic
ACT-0100,checkout_started,CUS-0010,2025-03-06T17:32:00.000Z,"{""sessionId"":""session-0027"",""device"":""mobile"",""region"":""US-CA"",""cartValueUsd"":47}",synthetic
ACT-0101,checkout_completed,CUS-0010,2025-03-06T17:35:00.000Z,"{""sessionId"":""session-0027"",""device"":""mobile"",""region"":""US-CA"",""cartValueUsd"":47}",synthetic
ACT-0102,session_started,CUS-0027,2025-03-06T18:28:00.000Z,"{""sessionId"":""session-0028"",""device"":""mobile"",""region"":""US-IL""}",synthetic
ACT-0103,product_viewed,CUS-0027,2025-03-06T18:29:00.000Z,"{""sessionId"":""session-0028"",""device"":""mobile"",""region"":""US-IL"",""productId"":""product-5""}",synthetic
ACT-0104,session_started,CUS-0044,2025-03-06T19:29:00.000Z,"{""sessionId"":""session-0029"",""device"":""desktop"",""region"":""US-WA""}",synthetic
ACT-0105,product_viewed,CUS-0044,2025-03-06T19:30:00.000Z,"{""sessionId"":""session-0029"",""device"":""desktop"",""region"":""US-WA"",""productId"":""product-6""}",synthetic
ACT-0106,search_used,CUS-0044,2025-03-06T19:31:00.000Z,"{""sessionId"":""session-0029"",""device"":""desktop"",""region"":""US-WA"",""resultCount"":26}",synthetic
ACT-0107,cart_added,CUS-0044,2025-03-06T19:32:00.000Z,"{""sessionId"":""session-0029"",""device"":""desktop"",""region"":""US-WA"",""quantity"":3}",synthetic
ACT-0108,checkout_started,CUS-0044,2025-03-06T19:34:00.000Z,"{""sessionId"":""session-0029"",""device"":""desktop"",""region"":""US-WA"",""cartValueUsd"":49}",synthetic
ACT-0109,session_started,CUS-0011,2025-03-07T20:30:00.000Z,"{""sessionId"":""session-0030"",""device"":""mobile"",""region"":""GB-LND""}",synthetic
ACT-0110,product_viewed,CUS-0011,2025-03-07T20:31:00.000Z,"{""sessionId"":""session-0030"",""device"":""mobile"",""region"":""GB-LND"",""productId"":""product-7""}",synthetic
ACT-0111,search_used,CUS-0011,2025-03-07T20:32:00.000Z,"{""sessionId"":""session-0030"",""device"":""mobile"",""region"":""GB-LND"",""resultCount"":32}",synthetic
ACT-0112,cart_added,CUS-0011,2025-03-07T20:33:00.000Z,"{""sessionId"":""session-0030"",""device"":""mobile"",""region"":""GB-LND"",""quantity"":1}",synthetic
ACT-0113,feature_exposed,CUS-0011,2025-03-07T20:34:00.000Z,"{""sessionId"":""session-0030"",""device"":""mobile"",""region"":""GB-LND"",""featureId"":""FEAT-0001""}",synthetic
ACT-0114,checkout_started,CUS-0011,2025-03-07T20:35:00.000Z,"{""sessionId"":""session-0030"",""device"":""mobile"",""region"":""GB-LND"",""cartValueUsd"":50}",synthetic
ACT-0115,error_seen,CUS-0011,2025-03-07T20:37:00.000Z,"{""sessionId"":""session-0030"",""device"":""mobile"",""region"":""GB-LND"",""code"":""CHECKOUT_STATE_EXPIRED""}",synthetic
ACT-0116,session_started,CUS-0028,2025-03-07T21:31:00.000Z,"{""sessionId"":""session-0031"",""device"":""desktop"",""region"":""US-IL""}",synthetic
ACT-0117,product_viewed,CUS-0028,2025-03-07T21:32:00.000Z,"{""sessionId"":""session-0031"",""device"":""desktop"",""region"":""US-IL"",""productId"":""product-8""}",synthetic
ACT-0118,session_started,CUS-0045,2025-03-07T06:32:00.000Z,"{""sessionId"":""session-0032"",""device"":""mobile"",""region"":""US-NY""}",synthetic
ACT-0119,product_viewed,CUS-0045,2025-03-07T06:33:00.000Z,"{""sessionId"":""session-0032"",""device"":""mobile"",""region"":""US-NY"",""productId"":""product-9""}",synthetic
ACT-0120,cart_added,CUS-0045,2025-03-07T06:35:00.000Z,"{""sessionId"":""session-0032"",""device"":""mobile"",""region"":""US-NY"",""quantity"":3}",synthetic
ACT-0121,feature_exposed,CUS-0045,2025-03-07T06:36:00.000Z,"{""sessionId"":""session-0032"",""device"":""mobile"",""region"":""US-NY"",""featureId"":""FEAT-0003""}",synthetic
ACT-0122,checkout_started,CUS-0045,2025-03-07T06:37:00.000Z,"{""sessionId"":""session-0032"",""device"":""mobile"",""region"":""US-NY"",""cartValueUsd"":52}",synthetic
ACT-0123,checkout_completed,CUS-0045,2025-03-07T06:40:00.000Z,"{""sessionId"":""session-0032"",""device"":""mobile"",""region"":""US-NY"",""cartValueUsd"":52}",synthetic
ACT-0124,session_started,CUS-0012,2025-03-07T07:33:00.000Z,"{""sessionId"":""session-0033"",""device"":""tablet"",""region"":""US-CA""}",synthetic
ACT-0125,product_viewed,CUS-0012,2025-03-07T07:34:00.000Z,"{""sessionId"":""session-0033"",""device"":""tablet"",""region"":""US-CA"",""productId"":""product-10""}",synthetic
ACT-0126,cart_added,CUS-0012,2025-03-07T07:36:00.000Z,"{""sessionId"":""session-0033"",""device"":""tablet"",""region"":""US-CA"",""quantity"":1}",synthetic
ACT-0127,session_started,CUS-0029,2025-03-07T08:34:00.000Z,"{""sessionId"":""session-0034"",""device"":""tablet"",""region"":""AU-NSW""}",synthetic
ACT-0128,product_viewed,CUS-0029,2025-03-07T08:35:00.000Z,"{""sessionId"":""session-0034"",""device"":""tablet"",""region"":""AU-NSW"",""productId"":""product-11""}",synthetic
ACT-0129,search_used,CUS-0029,2025-03-07T08:36:00.000Z,"{""sessionId"":""session-0034"",""device"":""tablet"",""region"":""AU-NSW"",""resultCount"":31}",synthetic
ACT-0130,cart_added,CUS-0029,2025-03-07T08:37:00.000Z,"{""sessionId"":""session-0034"",""device"":""tablet"",""region"":""AU-NSW"",""quantity"":2}",synthetic
ACT-0131,feature_exposed,CUS-0029,2025-03-07T08:38:00.000Z,"{""sessionId"":""session-0034"",""device"":""tablet"",""region"":""AU-NSW"",""featureId"":""FEAT-0005""}",synthetic
ACT-0132,checkout_started,CUS-0029,2025-03-07T08:39:00.000Z,"{""sessionId"":""session-0034"",""device"":""tablet"",""region"":""AU-NSW"",""cartValueUsd"":54}",synthetic
ACT-0133,checkout_completed,CUS-0029,2025-03-07T08:42:00.000Z,"{""sessionId"":""session-0034"",""device"":""tablet"",""region"":""AU-NSW"",""cartValueUsd"":54}",synthetic
ACT-0134,session_started,CUS-0046,2025-03-08T09:35:00.000Z,"{""sessionId"":""session-0035"",""device"":""mobile"",""region"":""US-TX""}",synthetic
ACT-0135,product_viewed,CUS-0046,2025-03-08T09:36:00.000Z,"{""sessionId"":""session-0035"",""device"":""mobile"",""region"":""US-TX"",""productId"":""product-12""}",synthetic
ACT-0136,search_used,CUS-0046,2025-03-08T09:37:00.000Z,"{""sessionId"":""session-0035"",""device"":""mobile"",""region"":""US-TX"",""resultCount"":13}",synthetic
ACT-0137,cart_added,CUS-0046,2025-03-08T09:38:00.000Z,"{""sessionId"":""session-0035"",""device"":""mobile"",""region"":""US-TX"",""quantity"":3}",synthetic
ACT-0138,checkout_started,CUS-0046,2025-03-08T09:40:00.000Z,"{""sessionId"":""session-0035"",""device"":""mobile"",""region"":""US-TX"",""cartValueUsd"":55}",synthetic
ACT-0139,checkout_completed,CUS-0046,2025-03-08T09:43:00.000Z,"{""sessionId"":""session-0035"",""device"":""mobile"",""region"":""US-TX"",""cartValueUsd"":55}",synthetic
ACT-0140,session_started,CUS-0013,2025-03-08T10:36:00.000Z,"{""sessionId"":""session-0036"",""device"":""tablet"",""region"":""CA-ON""}",synthetic
ACT-0141,product_viewed,CUS-0013,2025-03-08T10:37:00.000Z,"{""sessionId"":""session-0036"",""device"":""tablet"",""region"":""CA-ON"",""productId"":""product-13""}",synthetic
ACT-0142,search_used,CUS-0013,2025-03-08T10:38:00.000Z,"{""sessionId"":""session-0036"",""device"":""tablet"",""region"":""CA-ON"",""resultCount"":0}",synthetic
ACT-0143,cart_added,CUS-0013,2025-03-08T10:39:00.000Z,"{""sessionId"":""session-0036"",""device"":""tablet"",""region"":""CA-ON"",""quantity"":1}",synthetic
ACT-0144,feature_exposed,CUS-0013,2025-03-08T10:40:00.000Z,"{""sessionId"":""session-0036"",""device"":""tablet"",""region"":""CA-ON"",""featureId"":""FEAT-0002""}",synthetic
ACT-0145,checkout_started,CUS-0013,2025-03-08T10:41:00.000Z,"{""sessionId"":""session-0036"",""device"":""tablet"",""region"":""CA-ON"",""cartValueUsd"":56}",synthetic
ACT-0146,checkout_completed,CUS-0013,2025-03-08T10:44:00.000Z,"{""sessionId"":""session-0036"",""device"":""tablet"",""region"":""CA-ON"",""cartValueUsd"":56}",synthetic
ACT-0147,session_started,CUS-0030,2025-03-08T11:37:00.000Z,"{""sessionId"":""session-0037"",""device"":""mobile"",""region"":""US-IL""}",synthetic
ACT-0148,product_viewed,CUS-0030,2025-03-08T11:38:00.000Z,"{""sessionId"":""session-0037"",""device"":""mobile"",""region"":""US-IL"",""productId"":""product-14""}",synthetic
ACT-0149,search_used,CUS-0030,2025-03-08T11:39:00.000Z,"{""sessionId"":""session-0037"",""device"":""mobile"",""region"":""US-IL"",""resultCount"":18}",synthetic
ACT-0150,session_started,CUS-0047,2025-03-08T12:38:00.000Z,"{""sessionId"":""session-0038"",""device"":""desktop"",""region"":""CA-ON""}",synthetic
ACT-0151,product_viewed,CUS-0047,2025-03-08T12:39:00.000Z,"{""sessionId"":""session-0038"",""device"":""desktop"",""region"":""CA-ON"",""productId"":""product-15""}",synthetic
ACT-0152,search_used,CUS-0047,2025-03-08T12:40:00.000Z,"{""sessionId"":""session-0038"",""device"":""desktop"",""region"":""CA-ON"",""resultCount"":27}",synthetic
ACT-0153,cart_added,CUS-0047,2025-03-08T12:41:00.000Z,"{""sessionId"":""session-0038"",""device"":""desktop"",""region"":""CA-ON"",""quantity"":3}",synthetic
ACT-0154,feature_exposed,CUS-0047,2025-03-08T12:42:00.000Z,"{""sessionId"":""session-0038"",""device"":""desktop"",""region"":""CA-ON"",""featureId"":""FEAT-0004""}",synthetic
ACT-0155,checkout_started,CUS-0047,2025-03-08T12:43:00.000Z,"{""sessionId"":""session-0038"",""device"":""desktop"",""region"":""CA-ON"",""cartValueUsd"":58}",synthetic
ACT-0156,session_started,CUS-0014,2025-03-08T13:39:00.000Z,"{""sessionId"":""session-0039"",""device"":""mobile"",""region"":""US-CA""}",synthetic
ACT-0157,product_viewed,CUS-0014,2025-03-08T13:40:00.000Z,"{""sessionId"":""session-0039"",""device"":""mobile"",""region"":""US-CA"",""productId"":""product-16""}",synthetic
ACT-0158,search_used,CUS-0014,2025-03-08T13:41:00.000Z,"{""sessionId"":""session-0039"",""device"":""mobile"",""region"":""US-CA"",""resultCount"":14}",synthetic
ACT-0159,session_started,CUS-0031,2025-03-09T14:40:00.000Z,"{""sessionId"":""session-0040"",""device"":""desktop"",""region"":""US-NY""}",synthetic
ACT-0160,product_viewed,CUS-0031,2025-03-09T14:41:00.000Z,"{""sessionId"":""session-0040"",""device"":""desktop"",""region"":""US-NY"",""productId"":""product-17""}",synthetic
ACT-0161,search_used,CUS-0031,2025-03-09T14:42:00.000Z,"{""sessionId"":""session-0040"",""device"":""desktop"",""region"":""US-NY"",""resultCount"":61}",synthetic
ACT-0162,session_started,CUS-0048,2025-03-09T15:41:00.000Z,"{""sessionId"":""session-0041"",""device"":""desktop"",""region"":""US-WA""}",synthetic
ACT-0163,product_viewed,CUS-0048,2025-03-09T15:42:00.000Z,"{""sessionId"":""session-0041"",""device"":""desktop"",""region"":""US-WA"",""productId"":""product-18""}",synthetic
ACT-0164,session_started,CUS-0015,2025-03-09T16:42:00.000Z,"{""sessionId"":""session-0042"",""device"":""tablet"",""region"":""AU-NSW""}",synthetic
ACT-0165,product_viewed,CUS-0015,2025-03-09T16:43:00.000Z,"{""sessionId"":""session-0042"",""device"":""tablet"",""region"":""AU-NSW"",""productId"":""product-19""}",synthetic
ACT-0166,session_started,CUS-0032,2025-03-09T17:43:00.000Z,"{""sessionId"":""session-0043"",""device"":""mobile"",""region"":""US-NY""}",synthetic
ACT-0167,product_viewed,CUS-0032,2025-03-09T17:44:00.000Z,"{""sessionId"":""session-0043"",""device"":""mobile"",""region"":""US-NY"",""productId"":""product-20""}",synthetic
ACT-0168,search_used,CUS-0032,2025-03-09T17:45:00.000Z,"{""sessionId"":""session-0043"",""device"":""mobile"",""region"":""US-NY"",""resultCount"":27}",synthetic
ACT-0169,cart_added,CUS-0032,2025-03-09T17:46:00.000Z,"{""sessionId"":""session-0043"",""device"":""mobile"",""region"":""US-NY"",""quantity"":2}",synthetic
ACT-0170,checkout_started,CUS-0032,2025-03-09T17:48:00.000Z,"{""sessionId"":""session-0043"",""device"":""mobile"",""region"":""US-NY"",""cartValueUsd"":63}",synthetic
ACT-0171,checkout_completed,CUS-0032,2025-03-09T17:51:00.000Z,"{""sessionId"":""session-0043"",""device"":""mobile"",""region"":""US-NY"",""cartValueUsd"":63}",synthetic
ACT-0172,session_started,CUS-0049,2025-03-09T18:44:00.000Z,"{""sessionId"":""session-0044"",""device"":""mobile"",""region"":""US-TX""}",synthetic
ACT-0173,product_viewed,CUS-0049,2025-03-09T18:45:00.000Z,"{""sessionId"":""session-0044"",""device"":""mobile"",""region"":""US-TX"",""productId"":""product-21""}",synthetic
ACT-0174,session_started,CUS-0016,2025-03-10T19:45:00.000Z,"{""sessionId"":""session-0045"",""device"":""mobile"",""region"":""US-WA""}",synthetic
ACT-0175,product_viewed,CUS-0016,2025-03-10T19:46:00.000Z,"{""sessionId"":""session-0045"",""device"":""mobile"",""region"":""US-WA"",""productId"":""product-22""}",synthetic
ACT-0176,cart_added,CUS-0016,2025-03-10T19:48:00.000Z,"{""sessionId"":""session-0045"",""device"":""mobile"",""region"":""US-WA"",""quantity"":1}",synthetic
ACT-0177,checkout_started,CUS-0016,2025-03-10T19:50:00.000Z,"{""sessionId"":""session-0045"",""device"":""mobile"",""region"":""US-WA"",""cartValueUsd"":65}",synthetic
ACT-0178,error_seen,CUS-0016,2025-03-10T19:52:00.000Z,"{""sessionId"":""session-0045"",""device"":""mobile"",""region"":""US-WA"",""code"":""CHECKOUT_STATE_EXPIRED""}",synthetic
ACT-0179,session_started,CUS-0033,2025-03-10T20:46:00.000Z,"{""sessionId"":""session-0046"",""device"":""desktop"",""region"":""US-WA""}",synthetic
ACT-0180,product_viewed,CUS-0033,2025-03-10T20:47:00.000Z,"{""sessionId"":""session-0046"",""device"":""desktop"",""region"":""US-WA"",""productId"":""product-23""}",synthetic
ACT-0181,search_used,CUS-0033,2025-03-10T20:48:00.000Z,"{""sessionId"":""session-0046"",""device"":""desktop"",""region"":""US-WA"",""resultCount"":23}",synthetic
ACT-0182,cart_added,CUS-0033,2025-03-10T20:49:00.000Z,"{""sessionId"":""session-0046"",""device"":""desktop"",""region"":""US-WA"",""quantity"":2}",synthetic
ACT-0183,feature_exposed,CUS-0033,2025-03-10T20:50:00.000Z,"{""sessionId"":""session-0046"",""device"":""desktop"",""region"":""US-WA"",""featureId"":""FEAT-0002""}",synthetic
ACT-0184,checkout_started,CUS-0033,2025-03-10T20:51:00.000Z,"{""sessionId"":""session-0046"",""device"":""desktop"",""region"":""US-WA"",""cartValueUsd"":66}",synthetic
ACT-0185,checkout_completed,CUS-0033,2025-03-10T20:54:00.000Z,"{""sessionId"":""session-0046"",""device"":""desktop"",""region"":""US-WA"",""cartValueUsd"":66}",synthetic
ACT-0186,session_started,CUS-0050,2025-03-10T21:47:00.000Z,"{""sessionId"":""session-0047"",""device"":""desktop"",""region"":""GB-LND""}",synthetic
ACT-0187,product_viewed,CUS-0050,2025-03-10T21:48:00.000Z,"{""sessionId"":""session-0047"",""device"":""desktop"",""region"":""GB-LND"",""productId"":""product-24""}",synthetic
ACT-0188,search_used,CUS-0050,2025-03-10T21:49:00.000Z,"{""sessionId"":""session-0047"",""device"":""desktop"",""region"":""GB-LND"",""resultCount"":74}",synthetic
ACT-0189,session_started,CUS-0017,2025-03-10T06:48:00.000Z,"{""sessionId"":""session-0048"",""device"":""mobile"",""region"":""US-TX""}",synthetic
ACT-0190,product_viewed,CUS-0017,2025-03-10T06:49:00.000Z,"{""sessionId"":""session-0048"",""device"":""mobile"",""region"":""US-TX"",""productId"":""product-1""}",synthetic
ACT-0191,search_used,CUS-0017,2025-03-10T06:50:00.000Z,"{""sessionId"":""session-0048"",""device"":""mobile"",""region"":""US-TX"",""resultCount"":76}",synthetic
ACT-0192,session_started,CUS-0034,2025-03-10T07:49:00.000Z,"{""sessionId"":""session-0049"",""device"":""tablet"",""region"":""US-IL""}",synthetic
ACT-0193,product_viewed,CUS-0034,2025-03-10T07:50:00.000Z,"{""sessionId"":""session-0049"",""device"":""tablet"",""region"":""US-IL"",""productId"":""product-2""}",synthetic
ACT-0194,search_used,CUS-0034,2025-03-10T07:51:00.000Z,"{""sessionId"":""session-0049"",""device"":""tablet"",""region"":""US-IL"",""resultCount"":22}",synthetic
ACT-0195,cart_added,CUS-0034,2025-03-10T07:52:00.000Z,"{""sessionId"":""session-0049"",""device"":""tablet"",""region"":""US-IL"",""quantity"":2}",synthetic
ACT-0196,checkout_started,CUS-0034,2025-03-10T07:54:00.000Z,"{""sessionId"":""session-0049"",""device"":""tablet"",""region"":""US-IL"",""cartValueUsd"":69}",synthetic
ACT-0197,session_started,CUS-0001,2025-03-11T08:50:00.000Z,"{""sessionId"":""session-0050"",""device"":""tablet"",""region"":""US-NY""}",synthetic
ACT-0198,product_viewed,CUS-0001,2025-03-11T08:51:00.000Z,"{""sessionId"":""session-0050"",""device"":""tablet"",""region"":""US-NY"",""productId"":""product-3""}",synthetic
ACT-0199,search_used,CUS-0001,2025-03-11T08:52:00.000Z,"{""sessionId"":""session-0050"",""device"":""tablet"",""region"":""US-NY"",""resultCount"":73}",synthetic
ACT-0200,cart_added,CUS-0001,2025-03-11T08:53:00.000Z,"{""sessionId"":""session-0050"",""device"":""tablet"",""region"":""US-NY"",""quantity"":3}",synthetic
ACT-0201,feature_exposed,CUS-0001,2025-03-11T08:54:00.000Z,"{""sessionId"":""session-0050"",""device"":""tablet"",""region"":""US-NY"",""featureId"":""FEAT-0001""}",synthetic
ACT-0202,checkout_started,CUS-0001,2025-03-11T08:55:00.000Z,"{""sessionId"":""session-0050"",""device"":""tablet"",""region"":""US-NY"",""cartValueUsd"":70}",synthetic
ACT-0203,checkout_completed,CUS-0001,2025-03-11T08:58:00.000Z,"{""sessionId"":""session-0050"",""device"":""tablet"",""region"":""US-NY"",""cartValueUsd"":70}",synthetic
ACT-0204,session_started,CUS-0018,2025-03-11T09:51:00.000Z,"{""sessionId"":""session-0051"",""device"":""desktop"",""region"":""US-NY""}",synthetic
ACT-0205,product_viewed,CUS-0018,2025-03-11T09:52:00.000Z,"{""sessionId"":""session-0051"",""device"":""desktop"",""region"":""US-NY"",""productId"":""product-4""}",synthetic
ACT-0206,search_used,CUS-0018,2025-03-11T09:53:00.000Z,"{""sessionId"":""session-0051"",""device"":""desktop"",""region"":""US-NY"",""resultCount"":40}",synthetic
ACT-0207,session_started,CUS-0035,2025-03-11T10:52:00.000Z,"{""sessionId"":""session-0052"",""device"":""mobile"",""region"":""CA-ON""}",synthetic
ACT-0208,product_viewed,CUS-0035,2025-03-11T10:53:00.000Z,"{""sessionId"":""session-0052"",""device"":""mobile"",""region"":""CA-ON"",""productId"":""product-5""}",synthetic
ACT-0209,search_used,CUS-0035,2025-03-11T10:54:00.000Z,"{""sessionId"":""session-0052"",""device"":""mobile"",""region"":""CA-ON"",""resultCount"":37}",synthetic
ACT-0210,session_started,CUS-0002,2025-03-11T11:53:00.000Z,"{""sessionId"":""session-0053"",""device"":""desktop"",""region"":""US-IL""}",synthetic
ACT-0211,product_viewed,CUS-0002,2025-03-11T11:54:00.000Z,"{""sessionId"":""session-0053"",""device"":""desktop"",""region"":""US-IL"",""productId"":""product-6""}",synthetic
ACT-0212,search_used,CUS-0002,2025-03-11T11:55:00.000Z,"{""sessionId"":""session-0053"",""device"":""desktop"",""region"":""US-IL"",""resultCount"":18}",synthetic
ACT-0213,cart_added,CUS-0002,2025-03-11T11:56:00.000Z,"{""sessionId"":""session-0053"",""device"":""desktop"",""region"":""US-IL"",""quantity"":3}",synthetic
ACT-0214,checkout_started,CUS-0002,2025-03-11T11:58:00.000Z,"{""sessionId"":""session-0053"",""device"":""desktop"",""region"":""US-IL"",""cartValueUsd"":73}",synthetic
ACT-0215,session_started,CUS-0019,2025-03-11T12:54:00.000Z,"{""sessionId"":""session-0054"",""device"":""desktop"",""region"":""US-CA""}",synthetic
ACT-0216,product_viewed,CUS-0019,2025-03-11T12:55:00.000Z,"{""sessionId"":""session-0054"",""device"":""desktop"",""region"":""US-CA"",""productId"":""product-7""}",synthetic
ACT-0217,search_used,CUS-0019,2025-03-11T12:56:00.000Z,"{""sessionId"":""session-0054"",""device"":""desktop"",""region"":""US-CA"",""resultCount"":0}",synthetic
ACT-0218,session_started,CUS-0036,2025-03-12T13:55:00.000Z,"{""sessionId"":""session-0055"",""device"":""mobile"",""region"":""AU-NSW""}",synthetic
ACT-0219,product_viewed,CUS-0036,2025-03-12T13:56:00.000Z,"{""sessionId"":""session-0055"",""device"":""mobile"",""region"":""AU-NSW"",""productId"":""product-8""}",synthetic
ACT-0220,search_used,CUS-0036,2025-03-12T13:57:00.000Z,"{""sessionId"":""session-0055"",""device"":""mobile"",""region"":""AU-NSW"",""resultCount"":76}",synthetic
ACT-0221,session_started,CUS-0003,2025-03-12T14:56:00.000Z,"{""sessionId"":""session-0056"",""device"":""tablet"",""region"":""US-CA""}",synthetic
ACT-0222,product_viewed,CUS-0003,2025-03-12T14:57:00.000Z,"{""sessionId"":""session-0056"",""device"":""tablet"",""region"":""US-CA"",""productId"":""product-9""}",synthetic
ACT-0223,search_used,CUS-0003,2025-03-12T14:58:00.000Z,"{""sessionId"":""session-0056"",""device"":""tablet"",""region"":""US-CA"",""resultCount"":76}",synthetic
ACT-0224,cart_added,CUS-0003,2025-03-12T14:59:00.000Z,"{""sessionId"":""session-0056"",""device"":""tablet"",""region"":""US-CA"",""quantity"":3}",synthetic
ACT-0225,feature_exposed,CUS-0003,2025-03-12T14:00:00.000Z,"{""sessionId"":""session-0056"",""device"":""tablet"",""region"":""US-CA"",""featureId"":""FEAT-0002""}",synthetic
ACT-0226,session_started,CUS-0020,2025-03-12T15:57:00.000Z,"{""sessionId"":""session-0057"",""device"":""desktop"",""region"":""US-NY""}",synthetic
ACT-0227,product_viewed,CUS-0020,2025-03-12T15:58:00.000Z,"{""sessionId"":""session-0057"",""device"":""desktop"",""region"":""US-NY"",""productId"":""product-10""}",synthetic
ACT-0228,session_started,CUS-0037,2025-03-12T16:58:00.000Z,"{""sessionId"":""session-0058"",""device"":""desktop"",""region"":""US-WA""}",synthetic
ACT-0229,product_viewed,CUS-0037,2025-03-12T16:59:00.000Z,"{""sessionId"":""session-0058"",""device"":""desktop"",""region"":""US-WA"",""productId"":""product-11""}",synthetic
ACT-0230,search_used,CUS-0037,2025-03-12T16:00:00.000Z,"{""sessionId"":""session-0058"",""device"":""desktop"",""region"":""US-WA"",""resultCount"":64}",synthetic
ACT-0231,session_started,CUS-0004,2025-03-12T17:59:00.000Z,"{""sessionId"":""session-0059"",""device"":""desktop"",""region"":""US-TX""}",synthetic
ACT-0232,product_viewed,CUS-0004,2025-03-12T17:00:00.000Z,"{""sessionId"":""session-0059"",""device"":""desktop"",""region"":""US-TX"",""productId"":""product-12""}",synthetic
ACT-0233,cart_added,CUS-0004,2025-03-12T17:02:00.000Z,"{""sessionId"":""session-0059"",""device"":""desktop"",""region"":""US-TX"",""quantity"":3}",synthetic
ACT-0234,checkout_started,CUS-0004,2025-03-12T17:04:00.000Z,"{""sessionId"":""session-0059"",""device"":""desktop"",""region"":""US-TX"",""cartValueUsd"":79}",synthetic
ACT-0235,session_started,CUS-0021,2025-03-13T18:00:00.000Z,"{""sessionId"":""session-0060"",""device"":""tablet"",""region"":""GB-LND""}",synthetic
ACT-0236,product_viewed,CUS-0021,2025-03-13T18:01:00.000Z,"{""sessionId"":""session-0060"",""device"":""tablet"",""region"":""GB-LND"",""productId"":""product-13""}",synthetic
ACT-0237,cart_added,CUS-0021,2025-03-13T18:03:00.000Z,"{""sessionId"":""session-0060"",""device"":""tablet"",""region"":""GB-LND"",""quantity"":1}",synthetic
ACT-0238,feature_exposed,CUS-0021,2025-03-13T18:04:00.000Z,"{""sessionId"":""session-0060"",""device"":""tablet"",""region"":""GB-LND"",""featureId"":""FEAT-0001""}",synthetic
ACT-0239,session_started,CUS-0038,2025-03-13T19:01:00.000Z,"{""sessionId"":""session-0061"",""device"":""mobile"",""region"":""US-IL""}",synthetic
ACT-0240,product_viewed,CUS-0038,2025-03-13T19:02:00.000Z,"{""sessionId"":""session-0061"",""device"":""mobile"",""region"":""US-IL"",""productId"":""product-14""}",synthetic
ACT-0241,search_used,CUS-0038,2025-03-13T19:03:00.000Z,"{""sessionId"":""session-0061"",""device"":""mobile"",""region"":""US-IL"",""resultCount"":29}",synthetic
ACT-0242,cart_added,CUS-0038,2025-03-13T19:04:00.000Z,"{""sessionId"":""session-0061"",""device"":""mobile"",""region"":""US-IL"",""quantity"":2}",synthetic
ACT-0243,checkout_started,CUS-0038,2025-03-13T19:06:00.000Z,"{""sessionId"":""session-0061"",""device"":""mobile"",""region"":""US-IL"",""cartValueUsd"":81}",synthetic
ACT-0244,checkout_completed,CUS-0038,2025-03-13T19:09:00.000Z,"{""sessionId"":""session-0061"",""device"":""mobile"",""region"":""US-IL"",""cartValueUsd"":81}",synthetic
ACT-0245,session_started,CUS-0005,2025-03-13T20:02:00.000Z,"{""sessionId"":""session-0062"",""device"":""tablet"",""region"":""CA-ON""}",synthetic
ACT-0246,product_viewed,CUS-0005,2025-03-13T20:03:00.000Z,"{""sessionId"":""session-0062"",""device"":""tablet"",""region"":""CA-ON"",""productId"":""product-15""}",synthetic
ACT-0247,cart_added,CUS-0005,2025-03-13T20:05:00.000Z,"{""sessionId"":""session-0062"",""device"":""tablet"",""region"":""CA-ON"",""quantity"":3}",synthetic
ACT-0248,feature_exposed,CUS-0005,2025-03-13T20:06:00.000Z,"{""sessionId"":""session-0062"",""device"":""tablet"",""region"":""CA-ON"",""featureId"":""FEAT-0003""}",synthetic
ACT-0249,checkout_started,CUS-0005,2025-03-13T20:07:00.000Z,"{""sessionId"":""session-0062"",""device"":""tablet"",""region"":""CA-ON"",""cartValueUsd"":82}",synthetic
ACT-0250,session_started,CUS-0022,2025-03-13T21:03:00.000Z,"{""sessionId"":""session-0063"",""device"":""mobile"",""region"":""US-CA""}",synthetic
ACT-0251,product_viewed,CUS-0022,2025-03-13T21:04:00.000Z,"{""sessionId"":""session-0063"",""device"":""mobile"",""region"":""US-CA"",""productId"":""product-16""}",synthetic
ACT-0252,session_started,CUS-0039,2025-03-13T06:04:00.000Z,"{""sessionId"":""session-0064"",""device"":""tablet"",""region"":""AU-NSW""}",synthetic
ACT-0253,session_started,CUS-0006,2025-03-14T07:05:00.000Z,"{""sessionId"":""session-0065"",""device"":""desktop"",""region"":""GB-LND""}",synthetic
ACT-0254,product_viewed,CUS-0006,2025-03-14T07:06:00.000Z,"{""sessionId"":""session-0065"",""device"":""desktop"",""region"":""GB-LND"",""productId"":""product-18""}",synthetic
ACT-0255,search_used,CUS-0006,2025-03-14T07:07:00.000Z,"{""sessionId"":""session-0065"",""device"":""desktop"",""region"":""GB-LND"",""resultCount"":24}",synthetic
ACT-0256,cart_added,CUS-0006,2025-03-14T07:08:00.000Z,"{""sessionId"":""session-0065"",""device"":""desktop"",""region"":""GB-LND"",""quantity"":3}",synthetic
ACT-0257,checkout_started,CUS-0006,2025-03-14T07:10:00.000Z,"{""sessionId"":""session-0065"",""device"":""desktop"",""region"":""GB-LND"",""cartValueUsd"":85}",synthetic
ACT-0258,checkout_completed,CUS-0006,2025-03-14T07:13:00.000Z,"{""sessionId"":""session-0065"",""device"":""desktop"",""region"":""GB-LND"",""cartValueUsd"":85}",synthetic
ACT-0259,session_started,CUS-0023,2025-03-14T08:06:00.000Z,"{""sessionId"":""session-0066"",""device"":""mobile"",""region"":""GB-LND""}",synthetic
ACT-0260,product_viewed,CUS-0023,2025-03-14T08:07:00.000Z,"{""sessionId"":""session-0066"",""device"":""mobile"",""region"":""GB-LND"",""productId"":""product-19""}",synthetic
ACT-0261,search_used,CUS-0023,2025-03-14T08:08:00.000Z,"{""sessionId"":""session-0066"",""device"":""mobile"",""region"":""GB-LND"",""resultCount"":11}",synthetic
ACT-0262,cart_added,CUS-0023,2025-03-14T08:09:00.000Z,"{""sessionId"":""session-0066"",""device"":""mobile"",""region"":""GB-LND"",""quantity"":1}",synthetic
ACT-0263,feature_exposed,CUS-0023,2025-03-14T08:10:00.000Z,"{""sessionId"":""session-0066"",""device"":""mobile"",""region"":""GB-LND"",""featureId"":""FEAT-0002""}",synthetic
ACT-0264,checkout_started,CUS-0023,2025-03-14T08:11:00.000Z,"{""sessionId"":""session-0066"",""device"":""mobile"",""region"":""GB-LND"",""cartValueUsd"":86}",synthetic
ACT-0265,checkout_completed,CUS-0023,2025-03-14T08:14:00.000Z,"{""sessionId"":""session-0066"",""device"":""mobile"",""region"":""GB-LND"",""cartValueUsd"":86}",synthetic
ACT-0266,session_started,CUS-0040,2025-03-14T09:07:00.000Z,"{""sessionId"":""session-0067"",""device"":""desktop"",""region"":""CA-ON""}",synthetic
ACT-0267,product_viewed,CUS-0040,2025-03-14T09:08:00.000Z,"{""sessionId"":""session-0067"",""device"":""desktop"",""region"":""CA-ON"",""productId"":""product-20""}",synthetic
ACT-0268,search_used,CUS-0040,2025-03-14T09:09:00.000Z,"{""sessionId"":""session-0067"",""device"":""desktop"",""region"":""CA-ON"",""resultCount"":25}",synthetic
ACT-0269,session_started,CUS-0007,2025-03-14T10:08:00.000Z,"{""sessionId"":""session-0068"",""device"":""tablet"",""region"":""GB-LND""}",synthetic
ACT-0270,product_viewed,CUS-0007,2025-03-14T10:09:00.000Z,"{""sessionId"":""session-0068"",""device"":""tablet"",""region"":""GB-LND"",""productId"":""product-21""}",synthetic
ACT-0271,search_used,CUS-0007,2025-03-14T10:10:00.000Z,"{""sessionId"":""session-0068"",""device"":""tablet"",""region"":""GB-LND"",""resultCount"":80}",synthetic
ACT-0272,cart_added,CUS-0007,2025-03-14T10:11:00.000Z,"{""sessionId"":""session-0068"",""device"":""tablet"",""region"":""GB-LND"",""quantity"":3}",synthetic
ACT-0273,feature_exposed,CUS-0007,2025-03-14T10:12:00.000Z,"{""sessionId"":""session-0068"",""device"":""tablet"",""region"":""GB-LND"",""featureId"":""FEAT-0004""}",synthetic
ACT-0274,checkout_started,CUS-0007,2025-03-14T10:13:00.000Z,"{""sessionId"":""session-0068"",""device"":""tablet"",""region"":""GB-LND"",""cartValueUsd"":88}",synthetic
ACT-0275,checkout_completed,CUS-0007,2025-03-14T10:16:00.000Z,"{""sessionId"":""session-0068"",""device"":""tablet"",""region"":""GB-LND"",""cartValueUsd"":88}",synthetic
ACT-0276,session_started,CUS-0024,2025-03-14T11:09:00.000Z,"{""sessionId"":""session-0069"",""device"":""desktop"",""region"":""US-TX""}",synthetic
ACT-0277,product_viewed,CUS-0024,2025-03-14T11:10:00.000Z,"{""sessionId"":""session-0069"",""device"":""desktop"",""region"":""US-TX"",""productId"":""product-22""}",synthetic
ACT-0278,search_used,CUS-0024,2025-03-14T11:11:00.000Z,"{""sessionId"":""session-0069"",""device"":""desktop"",""region"":""US-TX"",""resultCount"":34}",synthetic
ACT-0279,session_started,CUS-0041,2025-03-15T12:10:00.000Z,"{""sessionId"":""session-0070"",""device"":""tablet"",""region"":""US-NY""}",synthetic
ACT-0280,product_viewed,CUS-0041,2025-03-15T12:11:00.000Z,"{""sessionId"":""session-0070"",""device"":""tablet"",""region"":""US-NY"",""productId"":""product-23""}",synthetic
ACT-0281,search_used,CUS-0041,2025-03-15T12:12:00.000Z,"{""sessionId"":""session-0070"",""device"":""tablet"",""region"":""US-NY"",""resultCount"":54}",synthetic
ACT-0282,session_started,CUS-0008,2025-03-15T13:11:00.000Z,"{""sessionId"":""session-0071"",""device"":""desktop"",""region"":""US-CA""}",synthetic
ACT-0283,product_viewed,CUS-0008,2025-03-15T13:12:00.000Z,"{""sessionId"":""session-0071"",""device"":""desktop"",""region"":""US-CA"",""productId"":""product-24""}",synthetic
ACT-0284,search_used,CUS-0008,2025-03-15T13:13:00.000Z,"{""sessionId"":""session-0071"",""device"":""desktop"",""region"":""US-CA"",""resultCount"":80}",synthetic
ACT-0285,cart_added,CUS-0008,2025-03-15T13:14:00.000Z,"{""sessionId"":""session-0071"",""device"":""desktop"",""region"":""US-CA"",""quantity"":3}",synthetic
ACT-0286,session_started,CUS-0025,2025-03-15T14:12:00.000Z,"{""sessionId"":""session-0072"",""device"":""desktop"",""region"":""US-NY""}",synthetic
ACT-0287,product_viewed,CUS-0025,2025-03-15T14:13:00.000Z,"{""sessionId"":""session-0072"",""device"":""desktop"",""region"":""US-NY"",""productId"":""product-1""}",synthetic
ACT-0288,search_used,CUS-0025,2025-03-15T14:14:00.000Z,"{""sessionId"":""session-0072"",""device"":""desktop"",""region"":""US-NY"",""resultCount"":0}",synthetic
ACT-0289,cart_added,CUS-0025,2025-03-15T14:15:00.000Z,"{""sessionId"":""session-0072"",""device"":""desktop"",""region"":""US-NY"",""quantity"":1}",synthetic
ACT-0290,feature_exposed,CUS-0025,2025-03-15T14:16:00.000Z,"{""sessionId"":""session-0072"",""device"":""desktop"",""region"":""US-NY"",""featureId"":""FEAT-0003""}",synthetic
ACT-0291,checkout_started,CUS-0025,2025-03-15T14:17:00.000Z,"{""sessionId"":""session-0072"",""device"":""desktop"",""region"":""US-NY"",""cartValueUsd"":92}",synthetic
ACT-0292,error_seen,CUS-0025,2025-03-15T14:19:00.000Z,"{""sessionId"":""session-0072"",""device"":""desktop"",""region"":""US-NY"",""code"":""CHECKOUT_STATE_EXPIRED""}",synthetic
ACT-0293,session_started,CUS-0042,2025-03-15T15:13:00.000Z,"{""sessionId"":""session-0073"",""device"":""tablet"",""region"":""GB-LND""}",synthetic
ACT-0294,product_viewed,CUS-0042,2025-03-15T15:14:00.000Z,"{""sessionId"":""session-0073"",""device"":""tablet"",""region"":""GB-LND"",""productId"":""product-2""}",synthetic
ACT-0295,search_used,CUS-0042,2025-03-15T15:15:00.000Z,"{""sessionId"":""session-0073"",""device"":""tablet"",""region"":""GB-LND"",""resultCount"":49}",synthetic
ACT-0296,session_started,CUS-0009,2025-03-15T16:14:00.000Z,"{""sessionId"":""session-0074"",""device"":""tablet"",""region"":""CA-ON""}",synthetic
ACT-0297,product_viewed,CUS-0009,2025-03-15T16:15:00.000Z,"{""sessionId"":""session-0074"",""device"":""tablet"",""region"":""CA-ON"",""productId"":""product-3""}",synthetic
ACT-0298,search_used,CUS-0009,2025-03-15T16:16:00.000Z,"{""sessionId"":""session-0074"",""device"":""tablet"",""region"":""CA-ON"",""resultCount"":31}",synthetic
ACT-0299,cart_added,CUS-0009,2025-03-15T16:17:00.000Z,"{""sessionId"":""session-0074"",""device"":""tablet"",""region"":""CA-ON"",""quantity"":3}",synthetic
ACT-0300,feature_exposed,CUS-0009,2025-03-15T16:18:00.000Z,"{""sessionId"":""session-0074"",""device"":""tablet"",""region"":""CA-ON"",""featureId"":""FEAT-0005""}",synthetic
ACT-0301,session_started,CUS-0026,2025-03-16T17:15:00.000Z,"{""sessionId"":""session-0075"",""device"":""mobile"",""region"":""US-WA""}",synthetic
ACT-0302,product_viewed,CUS-0026,2025-03-16T17:16:00.000Z,"{""sessionId"":""session-0075"",""device"":""mobile"",""region"":""US-WA"",""productId"":""product-4""}",synthetic
ACT-0303,session_started,CUS-0043,2025-03-16T18:16:00.000Z,"{""sessionId"":""session-0076"",""device"":""mobile"",""region"":""US-WA""}",synthetic
ACT-0304,product_viewed,CUS-0043,2025-03-16T18:17:00.000Z,"{""sessionId"":""session-0076"",""device"":""mobile"",""region"":""US-WA"",""productId"":""product-5""}",synthetic
ACT-0305,cart_added,CUS-0043,2025-03-16T18:19:00.000Z,"{""sessionId"":""session-0076"",""device"":""mobile"",""region"":""US-WA"",""quantity"":2}",synthetic
ACT-0306,feature_exposed,CUS-0043,2025-03-16T18:20:00.000Z,"{""sessionId"":""session-0076"",""device"":""mobile"",""region"":""US-WA"",""featureId"":""FEAT-0002""}",synthetic
ACT-0307,session_started,CUS-0010,2025-03-16T19:17:00.000Z,"{""sessionId"":""session-0077"",""device"":""mobile"",""region"":""US-CA""}",synthetic
ACT-0308,product_viewed,CUS-0010,2025-03-16T19:18:00.000Z,"{""sessionId"":""session-0077"",""device"":""mobile"",""region"":""US-CA"",""productId"":""product-6""}",synthetic
ACT-0309,search_used,CUS-0010,2025-03-16T19:19:00.000Z,"{""sessionId"":""session-0077"",""device"":""mobile"",""region"":""US-CA"",""resultCount"":75}",synthetic
ACT-0310,cart_added,CUS-0010,2025-03-16T19:20:00.000Z,"{""sessionId"":""session-0077"",""device"":""mobile"",""region"":""US-CA"",""quantity"":3}",synthetic
ACT-0311,session_started,CUS-0027,2025-03-16T20:18:00.000Z,"{""sessionId"":""session-0078"",""device"":""mobile"",""region"":""US-IL""}",synthetic
ACT-0312,session_started,CUS-0044,2025-03-16T21:19:00.000Z,"{""sessionId"":""session-0079"",""device"":""desktop"",""region"":""US-WA""}",synthetic
ACT-0313,product_viewed,CUS-0044,2025-03-16T21:20:00.000Z,"{""sessionId"":""session-0079"",""device"":""desktop"",""region"":""US-WA"",""productId"":""product-8""}",synthetic
ACT-0314,cart_added,CUS-0044,2025-03-16T21:22:00.000Z,"{""sessionId"":""session-0079"",""device"":""desktop"",""region"":""US-WA"",""quantity"":2}",synthetic
ACT-0315,checkout_started,CUS-0044,2025-03-16T21:24:00.000Z,"{""sessionId"":""session-0079"",""device"":""desktop"",""region"":""US-WA"",""cartValueUsd"":99}",synthetic
ACT-0316,session_started,CUS-0011,2025-03-17T06:20:00.000Z,"{""sessionId"":""session-0080"",""device"":""mobile"",""region"":""GB-LND""}",synthetic
ACT-0317,product_viewed,CUS-0011,2025-03-17T06:21:00.000Z,"{""sessionId"":""session-0080"",""device"":""mobile"",""region"":""GB-LND"",""productId"":""product-9""}",synthetic
ACT-0318,cart_added,CUS-0011,2025-03-17T06:23:00.000Z,"{""sessionId"":""session-0080"",""device"":""mobile"",""region"":""GB-LND"",""quantity"":3}",synthetic
ACT-0319,feature_exposed,CUS-0011,2025-03-17T06:24:00.000Z,"{""sessionId"":""session-0080"",""device"":""mobile"",""region"":""GB-LND"",""featureId"":""FEAT-0001""}",synthetic
ACT-0320,checkout_started,CUS-0011,2025-03-17T06:25:00.000Z,"{""sessionId"":""session-0080"",""device"":""mobile"",""region"":""GB-LND"",""cartValueUsd"":100}",synthetic
ACT-0321,checkout_completed,CUS-0011,2025-03-17T06:28:00.000Z,"{""sessionId"":""session-0080"",""device"":""mobile"",""region"":""GB-LND"",""cartValueUsd"":100}",synthetic
ACT-0322,session_started,CUS-0028,2025-03-17T07:21:00.000Z,"{""sessionId"":""session-0081"",""device"":""desktop"",""region"":""US-IL""}",synthetic
ACT-0323,product_viewed,CUS-0028,2025-03-17T07:22:00.000Z,"{""sessionId"":""session-0081"",""device"":""desktop"",""region"":""US-IL"",""productId"":""product-10""}",synthetic
ACT-0324,session_started,CUS-0045,2025-03-17T08:22:00.000Z,"{""sessionId"":""session-0082"",""device"":""mobile"",""region"":""US-NY""}",synthetic
ACT-0325,product_viewed,CUS-0045,2025-03-17T08:23:00.000Z,"{""sessionId"":""session-0082"",""device"":""mobile"",""region"":""US-NY"",""productId"":""product-11""}",synthetic
ACT-0326,cart_added,CUS-0045,2025-03-17T08:25:00.000Z,"{""sessionId"":""session-0082"",""device"":""mobile"",""region"":""US-NY"",""quantity"":2}",synthetic
ACT-0327,feature_exposed,CUS-0045,2025-03-17T08:26:00.000Z,"{""sessionId"":""session-0082"",""device"":""mobile"",""region"":""US-NY"",""featureId"":""FEAT-0003""}",synthetic
ACT-0328,session_started,CUS-0012,2025-03-17T09:23:00.000Z,"{""sessionId"":""session-0083"",""device"":""tablet"",""region"":""US-CA""}",synthetic
ACT-0329,product_viewed,CUS-0012,2025-03-17T09:24:00.000Z,"{""sessionId"":""session-0083"",""device"":""tablet"",""region"":""US-CA"",""productId"":""product-12""}",synthetic
ACT-0330,search_used,CUS-0012,2025-03-17T09:25:00.000Z,"{""sessionId"":""session-0083"",""device"":""tablet"",""region"":""US-CA"",""resultCount"":67}",synthetic
ACT-0331,session_started,CUS-0029,2025-03-17T10:24:00.000Z,"{""sessionId"":""session-0084"",""device"":""tablet"",""region"":""AU-NSW""}",synthetic
ACT-0332,product_viewed,CUS-0029,2025-03-17T10:25:00.000Z,"{""sessionId"":""session-0084"",""device"":""tablet"",""region"":""AU-NSW"",""productId"":""product-13""}",synthetic
ACT-0333,cart_added,CUS-0029,2025-03-17T10:27:00.000Z,"{""sessionId"":""session-0084"",""device"":""tablet"",""region"":""AU-NSW"",""quantity"":1}",synthetic
ACT-0334,feature_exposed,CUS-0029,2025-03-17T10:28:00.000Z,"{""sessionId"":""session-0084"",""device"":""tablet"",""region"":""AU-NSW"",""featureId"":""FEAT-0005""}",synthetic
ACT-0335,session_started,CUS-0046,2025-03-18T11:25:00.000Z,"{""sessionId"":""session-0085"",""device"":""mobile"",""region"":""US-TX""}",synthetic
ACT-0336,product_viewed,CUS-0046,2025-03-18T11:26:00.000Z,"{""sessionId"":""session-0085"",""device"":""mobile"",""region"":""US-TX"",""productId"":""product-14""}",synthetic
ACT-0337,session_started,CUS-0013,2025-03-18T12:26:00.000Z,"{""sessionId"":""session-0086"",""device"":""tablet"",""region"":""CA-ON""}",synthetic
ACT-0338,product_viewed,CUS-0013,2025-03-18T12:27:00.000Z,"{""sessionId"":""session-0086"",""device"":""tablet"",""region"":""CA-ON"",""productId"":""product-15""}",synthetic
ACT-0339,search_used,CUS-0013,2025-03-18T12:28:00.000Z,"{""sessionId"":""session-0086"",""device"":""tablet"",""region"":""CA-ON"",""resultCount"":20}",synthetic
ACT-0340,session_started,CUS-0030,2025-03-18T13:27:00.000Z,"{""sessionId"":""session-0087"",""device"":""mobile"",""region"":""US-IL""}",synthetic
ACT-0341,product_viewed,CUS-0030,2025-03-18T13:28:00.000Z,"{""sessionId"":""session-0087"",""device"":""mobile"",""region"":""US-IL"",""productId"":""product-16""}",synthetic
ACT-0342,session_started,CUS-0047,2025-03-18T14:28:00.000Z,"{""sessionId"":""session-0088"",""device"":""desktop"",""region"":""CA-ON""}",synthetic
ACT-0343,product_viewed,CUS-0047,2025-03-18T14:29:00.000Z,"{""sessionId"":""session-0088"",""device"":""desktop"",""region"":""CA-ON"",""productId"":""product-17""}",synthetic
ACT-0344,session_started,CUS-0014,2025-03-18T15:29:00.000Z,"{""sessionId"":""session-0089"",""device"":""mobile"",""region"":""US-CA""}",synthetic
ACT-0345,product_viewed,CUS-0014,2025-03-18T15:30:00.000Z,"{""sessionId"":""session-0089"",""device"":""mobile"",""region"":""US-CA"",""productId"":""product-18""}",synthetic
ACT-0346,cart_added,CUS-0014,2025-03-18T15:32:00.000Z,"{""sessionId"":""session-0089"",""device"":""mobile"",""region"":""US-CA"",""quantity"":3}",synthetic
ACT-0347,session_started,CUS-0031,2025-03-19T16:30:00.000Z,"{""sessionId"":""session-0090"",""device"":""desktop"",""region"":""US-NY""}",synthetic
ACT-0348,product_viewed,CUS-0031,2025-03-19T16:31:00.000Z,"{""sessionId"":""session-0090"",""device"":""desktop"",""region"":""US-NY"",""productId"":""product-19""}",synthetic
ACT-0349,cart_added,CUS-0031,2025-03-19T16:33:00.000Z,"{""sessionId"":""session-0090"",""device"":""desktop"",""region"":""US-NY"",""quantity"":1}",synthetic
ACT-0350,feature_exposed,CUS-0031,2025-03-19T16:34:00.000Z,"{""sessionId"":""session-0090"",""device"":""desktop"",""region"":""US-NY"",""featureId"":""FEAT-0001""}",synthetic
ACT-0351,checkout_started,CUS-0031,2025-03-19T16:35:00.000Z,"{""sessionId"":""session-0090"",""device"":""desktop"",""region"":""US-NY"",""cartValueUsd"":20}",synthetic
ACT-0352,error_seen,CUS-0031,2025-03-19T16:37:00.000Z,"{""sessionId"":""session-0090"",""device"":""desktop"",""region"":""US-NY"",""code"":""CHECKOUT_STATE_EXPIRED""}",synthetic
ACT-0353,session_started,CUS-0048,2025-03-19T17:31:00.000Z,"{""sessionId"":""session-0091"",""device"":""desktop"",""region"":""US-WA""}",synthetic
ACT-0354,product_viewed,CUS-0048,2025-03-19T17:32:00.000Z,"{""sessionId"":""session-0091"",""device"":""desktop"",""region"":""US-WA"",""productId"":""product-20""}",synthetic
ACT-0355,session_started,CUS-0015,2025-03-19T18:32:00.000Z,"{""sessionId"":""session-0092"",""device"":""tablet"",""region"":""AU-NSW""}",synthetic
ACT-0356,product_viewed,CUS-0015,2025-03-19T18:33:00.000Z,"{""sessionId"":""session-0092"",""device"":""tablet"",""region"":""AU-NSW"",""productId"":""product-21""}",synthetic
ACT-0357,session_started,CUS-0032,2025-03-19T19:33:00.000Z,"{""sessionId"":""session-0093"",""device"":""mobile"",""region"":""US-NY""}",synthetic
ACT-0358,product_viewed,CUS-0032,2025-03-19T19:34:00.000Z,"{""sessionId"":""session-0093"",""device"":""mobile"",""region"":""US-NY"",""productId"":""product-22""}",synthetic
ACT-0359,search_used,CUS-0032,2025-03-19T19:35:00.000Z,"{""sessionId"":""session-0093"",""device"":""mobile"",""region"":""US-NY"",""resultCount"":28}",synthetic
ACT-0360,cart_added,CUS-0032,2025-03-19T19:36:00.000Z,"{""sessionId"":""session-0093"",""device"":""mobile"",""region"":""US-NY"",""quantity"":1}",synthetic
ACT-0361,checkout_started,CUS-0032,2025-03-19T19:38:00.000Z,"{""sessionId"":""session-0093"",""device"":""mobile"",""region"":""US-NY"",""cartValueUsd"":23}",synthetic
ACT-0362,checkout_completed,CUS-0032,2025-03-19T19:41:00.000Z,"{""sessionId"":""session-0093"",""device"":""mobile"",""region"":""US-NY"",""cartValueUsd"":23}",synthetic
ACT-0363,session_started,CUS-0049,2025-03-19T20:34:00.000Z,"{""sessionId"":""session-0094"",""device"":""mobile"",""region"":""US-TX""}",synthetic
ACT-0364,product_viewed,CUS-0049,2025-03-19T20:35:00.000Z,"{""sessionId"":""session-0094"",""device"":""mobile"",""region"":""US-TX"",""productId"":""product-23""}",synthetic
ACT-0365,search_used,CUS-0049,2025-03-19T20:36:00.000Z,"{""sessionId"":""session-0094"",""device"":""mobile"",""region"":""US-TX"",""resultCount"":23}",synthetic
ACT-0366,session_started,CUS-0016,2025-03-20T21:35:00.000Z,"{""sessionId"":""session-0095"",""device"":""mobile"",""region"":""US-WA""}",synthetic
ACT-0367,product_viewed,CUS-0016,2025-03-20T21:36:00.000Z,"{""sessionId"":""session-0095"",""device"":""mobile"",""region"":""US-WA"",""productId"":""product-24""}",synthetic
ACT-0368,cart_added,CUS-0016,2025-03-20T21:38:00.000Z,"{""sessionId"":""session-0095"",""device"":""mobile"",""region"":""US-WA"",""quantity"":3}",synthetic
ACT-0369,session_started,CUS-0033,2025-03-20T06:36:00.000Z,"{""sessionId"":""session-0096"",""device"":""desktop"",""region"":""US-WA""}",synthetic
ACT-0370,product_viewed,CUS-0033,2025-03-20T06:37:00.000Z,"{""sessionId"":""session-0096"",""device"":""desktop"",""region"":""US-WA"",""productId"":""product-1""}",synthetic
ACT-0371,search_used,CUS-0033,2025-03-20T06:38:00.000Z,"{""sessionId"":""session-0096"",""device"":""desktop"",""region"":""US-WA"",""resultCount"":38}",synthetic
ACT-0372,cart_added,CUS-0033,2025-03-20T06:39:00.000Z,"{""sessionId"":""session-0096"",""device"":""desktop"",""region"":""US-WA"",""quantity"":1}",synthetic
ACT-0373,feature_exposed,CUS-0033,2025-03-20T06:40:00.000Z,"{""sessionId"":""session-0096"",""device"":""desktop"",""region"":""US-WA"",""featureId"":""FEAT-0002""}",synthetic
ACT-0374,checkout_started,CUS-0033,2025-03-20T06:41:00.000Z,"{""sessionId"":""session-0096"",""device"":""desktop"",""region"":""US-WA"",""cartValueUsd"":26}",synthetic
ACT-0375,error_seen,CUS-0033,2025-03-20T06:43:00.000Z,"{""sessionId"":""session-0096"",""device"":""desktop"",""region"":""US-WA"",""code"":""CHECKOUT_STATE_EXPIRED""}",synthetic
ACT-0376,session_started,CUS-0050,2025-03-20T07:37:00.000Z,"{""sessionId"":""session-0097"",""device"":""desktop"",""region"":""GB-LND""}",synthetic
ACT-0377,product_viewed,CUS-0050,2025-03-20T07:38:00.000Z,"{""sessionId"":""session-0097"",""device"":""desktop"",""region"":""GB-LND"",""productId"":""product-2""}",synthetic
ACT-0378,session_started,CUS-0017,2025-03-20T08:38:00.000Z,"{""sessionId"":""session-0098"",""device"":""mobile"",""region"":""US-TX""}",synthetic
ACT-0379,session_started,CUS-0034,2025-03-20T09:39:00.000Z,"{""sessionId"":""session-0099"",""device"":""tablet"",""region"":""US-IL""}",synthetic
ACT-0380,product_viewed,CUS-0034,2025-03-20T09:40:00.000Z,"{""sessionId"":""session-0099"",""device"":""tablet"",""region"":""US-IL"",""productId"":""product-4""}",synthetic
ACT-0381,cart_added,CUS-0034,2025-03-20T09:42:00.000Z,"{""sessionId"":""session-0099"",""device"":""tablet"",""region"":""US-IL"",""quantity"":1}",synthetic
ACT-0382,checkout_started,CUS-0034,2025-03-20T09:44:00.000Z,"{""sessionId"":""session-0099"",""device"":""tablet"",""region"":""US-IL"",""cartValueUsd"":29}",synthetic
ACT-0383,error_seen,CUS-0034,2025-03-20T09:46:00.000Z,"{""sessionId"":""session-0099"",""device"":""tablet"",""region"":""US-IL"",""code"":""CHECKOUT_STATE_EXPIRED""}",synthetic
ACT-0384,session_started,CUS-0001,2025-03-21T10:40:00.000Z,"{""sessionId"":""session-0100"",""device"":""tablet"",""region"":""US-NY""}",synthetic
ACT-0385,product_viewed,CUS-0001,2025-03-21T10:41:00.000Z,"{""sessionId"":""session-0100"",""device"":""tablet"",""region"":""US-NY"",""productId"":""product-5""}",synthetic
ACT-0386,cart_added,CUS-0001,2025-03-21T10:43:00.000Z,"{""sessionId"":""session-0100"",""device"":""tablet"",""region"":""US-NY"",""quantity"":2}",synthetic
ACT-0387,feature_exposed,CUS-0001,2025-03-21T10:44:00.000Z,"{""sessionId"":""session-0100"",""device"":""tablet"",""region"":""US-NY"",""featureId"":""FEAT-0001""}",synthetic
ACT-0388,checkout_started,CUS-0001,2025-03-21T10:45:00.000Z,"{""sessionId"":""session-0100"",""device"":""tablet"",""region"":""US-NY"",""cartValueUsd"":30}",synthetic
ACT-0389,checkout_completed,CUS-0001,2025-03-21T10:48:00.000Z,"{""sessionId"":""session-0100"",""device"":""tablet"",""region"":""US-NY"",""cartValueUsd"":30}",synthetic
ACT-0390,session_started,CUS-0018,2025-03-21T11:41:00.000Z,"{""sessionId"":""session-0101"",""device"":""desktop"",""region"":""US-NY""}",synthetic
ACT-0391,product_viewed,CUS-0018,2025-03-21T11:42:00.000Z,"{""sessionId"":""session-0101"",""device"":""desktop"",""region"":""US-NY"",""productId"":""product-6""}",synthetic
ACT-0392,search_used,CUS-0018,2025-03-21T11:43:00.000Z,"{""sessionId"":""session-0101"",""device"":""desktop"",""region"":""US-NY"",""resultCount"":64}",synthetic
ACT-0393,cart_added,CUS-0018,2025-03-21T11:44:00.000Z,"{""sessionId"":""session-0101"",""device"":""desktop"",""region"":""US-NY"",""quantity"":3}",synthetic
ACT-0394,session_started,CUS-0035,2025-03-21T12:42:00.000Z,"{""sessionId"":""session-0102"",""device"":""mobile"",""region"":""CA-ON""}",synthetic
ACT-0395,product_viewed,CUS-0035,2025-03-21T12:43:00.000Z,"{""sessionId"":""session-0102"",""device"":""mobile"",""region"":""CA-ON"",""productId"":""product-7""}",synthetic
ACT-0396,cart_added,CUS-0035,2025-03-21T12:45:00.000Z,"{""sessionId"":""session-0102"",""device"":""mobile"",""region"":""CA-ON"",""quantity"":1}",synthetic
ACT-0397,feature_exposed,CUS-0035,2025-03-21T12:46:00.000Z,"{""sessionId"":""session-0102"",""device"":""mobile"",""region"":""CA-ON"",""featureId"":""FEAT-0003""}",synthetic
ACT-0398,session_started,CUS-0002,2025-03-21T13:43:00.000Z,"{""sessionId"":""session-0103"",""device"":""desktop"",""region"":""US-IL""}",synthetic
ACT-0399,product_viewed,CUS-0002,2025-03-21T13:44:00.000Z,"{""sessionId"":""session-0103"",""device"":""desktop"",""region"":""US-IL"",""productId"":""product-8""}",synthetic
ACT-0400,search_used,CUS-0002,2025-03-21T13:45:00.000Z,"{""sessionId"":""session-0103"",""device"":""desktop"",""region"":""US-IL"",""resultCount"":55}",synthetic
ACT-0401,cart_added,CUS-0002,2025-03-21T13:46:00.000Z,"{""sessionId"":""session-0103"",""device"":""desktop"",""region"":""US-IL"",""quantity"":2}",synthetic
ACT-0402,checkout_started,CUS-0002,2025-03-21T13:48:00.000Z,"{""sessionId"":""session-0103"",""device"":""desktop"",""region"":""US-IL"",""cartValueUsd"":33}",synthetic
ACT-0403,checkout_completed,CUS-0002,2025-03-21T13:51:00.000Z,"{""sessionId"":""session-0103"",""device"":""desktop"",""region"":""US-IL"",""cartValueUsd"":33}",synthetic
ACT-0404,session_started,CUS-0019,2025-03-21T14:44:00.000Z,"{""sessionId"":""session-0104"",""device"":""desktop"",""region"":""US-CA""}",synthetic
ACT-0405,product_viewed,CUS-0019,2025-03-21T14:45:00.000Z,"{""sessionId"":""session-0104"",""device"":""desktop"",""region"":""US-CA"",""productId"":""product-9""}",synthetic
ACT-0406,search_used,CUS-0019,2025-03-21T14:46:00.000Z,"{""sessionId"":""session-0104"",""device"":""desktop"",""region"":""US-CA"",""resultCount"":45}",synthetic
ACT-0407,session_started,CUS-0036,2025-03-22T15:45:00.000Z,"{""sessionId"":""session-0105"",""device"":""mobile"",""region"":""AU-NSW""}",synthetic
ACT-0408,product_viewed,CUS-0036,2025-03-22T15:46:00.000Z,"{""sessionId"":""session-0105"",""device"":""mobile"",""region"":""AU-NSW"",""productId"":""product-10""}",synthetic
ACT-0409,search_used,CUS-0036,2025-03-22T15:47:00.000Z,"{""sessionId"":""session-0105"",""device"":""mobile"",""region"":""AU-NSW"",""resultCount"":11}",synthetic
ACT-0410,cart_added,CUS-0036,2025-03-22T15:48:00.000Z,"{""sessionId"":""session-0105"",""device"":""mobile"",""region"":""AU-NSW"",""quantity"":1}",synthetic
ACT-0411,checkout_started,CUS-0036,2025-03-22T15:50:00.000Z,"{""sessionId"":""session-0105"",""device"":""mobile"",""region"":""AU-NSW"",""cartValueUsd"":35}",synthetic
ACT-0412,checkout_completed,CUS-0036,2025-03-22T15:53:00.000Z,"{""sessionId"":""session-0105"",""device"":""mobile"",""region"":""AU-NSW"",""cartValueUsd"":35}",synthetic
ACT-0413,session_started,CUS-0003,2025-03-22T16:46:00.000Z,"{""sessionId"":""session-0106"",""device"":""tablet"",""region"":""US-CA""}",synthetic
ACT-0414,product_viewed,CUS-0003,2025-03-22T16:47:00.000Z,"{""sessionId"":""session-0106"",""device"":""tablet"",""region"":""US-CA"",""productId"":""product-11""}",synthetic
ACT-0415,search_used,CUS-0003,2025-03-22T16:48:00.000Z,"{""sessionId"":""session-0106"",""device"":""tablet"",""region"":""US-CA"",""resultCount"":71}",synthetic
ACT-0416,cart_added,CUS-0003,2025-03-22T16:49:00.000Z,"{""sessionId"":""session-0106"",""device"":""tablet"",""region"":""US-CA"",""quantity"":2}",synthetic
ACT-0417,feature_exposed,CUS-0003,2025-03-22T16:50:00.000Z,"{""sessionId"":""session-0106"",""device"":""tablet"",""region"":""US-CA"",""featureId"":""FEAT-0002""}",synthetic
ACT-0418,checkout_started,CUS-0003,2025-03-22T16:51:00.000Z,"{""sessionId"":""session-0106"",""device"":""tablet"",""region"":""US-CA"",""cartValueUsd"":36}",synthetic
ACT-0419,checkout_completed,CUS-0003,2025-03-22T16:54:00.000Z,"{""sessionId"":""session-0106"",""device"":""tablet"",""region"":""US-CA"",""cartValueUsd"":36}",synthetic
ACT-0420,session_started,CUS-0020,2025-03-22T17:47:00.000Z,"{""sessionId"":""session-0107"",""device"":""desktop"",""region"":""US-NY""}",synthetic
ACT-0421,product_viewed,CUS-0020,2025-03-22T17:48:00.000Z,"{""sessionId"":""session-0107"",""device"":""desktop"",""region"":""US-NY"",""productId"":""product-12""}",synthetic
ACT-0422,cart_added,CUS-0020,2025-03-22T17:50:00.000Z,"{""sessionId"":""session-0107"",""device"":""desktop"",""region"":""US-NY"",""quantity"":3}",synthetic
ACT-0423,checkout_started,CUS-0020,2025-03-22T17:52:00.000Z,"{""sessionId"":""session-0107"",""device"":""desktop"",""region"":""US-NY"",""cartValueUsd"":37}",synthetic
ACT-0424,session_started,CUS-0037,2025-03-22T18:48:00.000Z,"{""sessionId"":""session-0108"",""device"":""desktop"",""region"":""US-WA""}",synthetic
ACT-0425,product_viewed,CUS-0037,2025-03-22T18:49:00.000Z,"{""sessionId"":""session-0108"",""device"":""desktop"",""region"":""US-WA"",""productId"":""product-13""}",synthetic
ACT-0426,search_used,CUS-0037,2025-03-22T18:50:00.000Z,"{""sessionId"":""session-0108"",""device"":""desktop"",""region"":""US-WA"",""resultCount"":0}",synthetic
ACT-0427,session_started,CUS-0004,2025-03-22T19:49:00.000Z,"{""sessionId"":""session-0109"",""device"":""desktop"",""region"":""US-TX""}",synthetic
ACT-0428,product_viewed,CUS-0004,2025-03-22T19:50:00.000Z,"{""sessionId"":""session-0109"",""device"":""desktop"",""region"":""US-TX"",""productId"":""product-14""}",synthetic
ACT-0429,search_used,CUS-0004,2025-03-22T19:51:00.000Z,"{""sessionId"":""session-0109"",""device"":""desktop"",""region"":""US-TX"",""resultCount"":45}",synthetic
ACT-0430,session_started,CUS-0021,2025-03-23T20:50:00.000Z,"{""sessionId"":""session-0110"",""device"":""tablet"",""region"":""GB-LND""}",synthetic
ACT-0431,product_viewed,CUS-0021,2025-03-23T20:51:00.000Z,"{""sessionId"":""session-0110"",""device"":""tablet"",""region"":""GB-LND"",""productId"":""product-15""}",synthetic
ACT-0432,search_used,CUS-0021,2025-03-23T20:52:00.000Z,"{""sessionId"":""session-0110"",""device"":""tablet"",""region"":""GB-LND"",""resultCount"":7}",synthetic
ACT-0433,session_started,CUS-0038,2025-03-23T21:51:00.000Z,"{""sessionId"":""session-0111"",""device"":""mobile"",""region"":""US-IL""}",synthetic
ACT-0434,product_viewed,CUS-0038,2025-03-23T21:52:00.000Z,"{""sessionId"":""session-0111"",""device"":""mobile"",""region"":""US-IL"",""productId"":""product-16""}",synthetic
ACT-0435,search_used,CUS-0038,2025-03-23T21:53:00.000Z,"{""sessionId"":""session-0111"",""device"":""mobile"",""region"":""US-IL"",""resultCount"":13}",synthetic
ACT-0436,cart_added,CUS-0038,2025-03-23T21:54:00.000Z,"{""sessionId"":""session-0111"",""device"":""mobile"",""region"":""US-IL"",""quantity"":1}",synthetic
ACT-0437,checkout_started,CUS-0038,2025-03-23T21:56:00.000Z,"{""sessionId"":""session-0111"",""device"":""mobile"",""region"":""US-IL"",""cartValueUsd"":41}",synthetic
ACT-0438,error_seen,CUS-0038,2025-03-23T21:58:00.000Z,"{""sessionId"":""session-0111"",""device"":""mobile"",""region"":""US-IL"",""code"":""CHECKOUT_STATE_EXPIRED""}",synthetic
ACT-0439,session_started,CUS-0005,2025-03-23T06:52:00.000Z,"{""sessionId"":""session-0112"",""device"":""tablet"",""region"":""CA-ON""}",synthetic
ACT-0440,product_viewed,CUS-0005,2025-03-23T06:53:00.000Z,"{""sessionId"":""session-0112"",""device"":""tablet"",""region"":""CA-ON"",""productId"":""product-17""}",synthetic
ACT-0441,session_started,CUS-0022,2025-03-23T07:53:00.000Z,"{""sessionId"":""session-0113"",""device"":""mobile"",""region"":""US-CA""}",synthetic
ACT-0442,product_viewed,CUS-0022,2025-03-23T07:54:00.000Z,"{""sessionId"":""session-0113"",""device"":""mobile"",""region"":""US-CA"",""productId"":""product-18""}",synthetic
ACT-0443,session_started,CUS-0039,2025-03-23T08:54:00.000Z,"{""sessionId"":""session-0114"",""device"":""tablet"",""region"":""AU-NSW""}",synthetic
ACT-0444,product_viewed,CUS-0039,2025-03-23T08:55:00.000Z,"{""sessionId"":""session-0114"",""device"":""tablet"",""region"":""AU-NSW"",""productId"":""product-19""}",synthetic
ACT-0445,search_used,CUS-0039,2025-03-23T08:56:00.000Z,"{""sessionId"":""session-0114"",""device"":""tablet"",""region"":""AU-NSW"",""resultCount"":19}",synthetic
ACT-0446,session_started,CUS-0006,2025-03-24T09:55:00.000Z,"{""sessionId"":""session-0115"",""device"":""desktop"",""region"":""GB-LND""}",synthetic
ACT-0447,product_viewed,CUS-0006,2025-03-24T09:56:00.000Z,"{""sessionId"":""session-0115"",""device"":""desktop"",""region"":""GB-LND"",""productId"":""product-20""}",synthetic
ACT-0448,search_used,CUS-0006,2025-03-24T09:57:00.000Z,"{""sessionId"":""session-0115"",""device"":""desktop"",""region"":""GB-LND"",""resultCount"":58}",synthetic
ACT-0449,cart_added,CUS-0006,2025-03-24T09:58:00.000Z,"{""sessionId"":""session-0115"",""device"":""desktop"",""region"":""GB-LND"",""quantity"":2}",synthetic
ACT-0450,checkout_started,CUS-0006,2025-03-24T09:00:00.000Z,"{""sessionId"":""session-0115"",""device"":""desktop"",""region"":""GB-LND"",""cartValueUsd"":45}",synthetic
ACT-0451,checkout_completed,CUS-0006,2025-03-24T09:03:00.000Z,"{""sessionId"":""session-0115"",""device"":""desktop"",""region"":""GB-LND"",""cartValueUsd"":45}",synthetic
ACT-0452,session_started,CUS-0023,2025-03-24T10:56:00.000Z,"{""sessionId"":""session-0116"",""device"":""mobile"",""region"":""GB-LND""}",synthetic
ACT-0453,product_viewed,CUS-0023,2025-03-24T10:57:00.000Z,"{""sessionId"":""session-0116"",""device"":""mobile"",""region"":""GB-LND"",""productId"":""product-21""}",synthetic
ACT-0454,session_started,CUS-0040,2025-03-24T11:57:00.000Z,"{""sessionId"":""session-0117"",""device"":""desktop"",""region"":""CA-ON""}",synthetic
ACT-0455,product_viewed,CUS-0040,2025-03-24T11:58:00.000Z,"{""sessionId"":""session-0117"",""device"":""desktop"",""region"":""CA-ON"",""productId"":""product-22""}",synthetic
ACT-0456,search_used,CUS-0040,2025-03-24T11:59:00.000Z,"{""sessionId"":""session-0117"",""device"":""desktop"",""region"":""CA-ON"",""resultCount"":0}",synthetic
ACT-0457,session_started,CUS-0007,2025-03-24T12:58:00.000Z,"{""sessionId"":""session-0118"",""device"":""tablet"",""region"":""GB-LND""}",synthetic
ACT-0458,product_viewed,CUS-0007,2025-03-24T12:59:00.000Z,"{""sessionId"":""session-0118"",""device"":""tablet"",""region"":""GB-LND"",""productId"":""product-23""}",synthetic
ACT-0459,search_used,CUS-0007,2025-03-24T12:00:00.000Z,"{""sessionId"":""session-0118"",""device"":""tablet"",""region"":""GB-LND"",""resultCount"":8}",synthetic
ACT-0460,cart_added,CUS-0007,2025-03-24T12:01:00.000Z,"{""sessionId"":""session-0118"",""device"":""tablet"",""region"":""GB-LND"",""quantity"":2}",synthetic
ACT-0461,feature_exposed,CUS-0007,2025-03-24T12:02:00.000Z,"{""sessionId"":""session-0118"",""device"":""tablet"",""region"":""GB-LND"",""featureId"":""FEAT-0004""}",synthetic
ACT-0462,checkout_started,CUS-0007,2025-03-24T12:03:00.000Z,"{""sessionId"":""session-0118"",""device"":""tablet"",""region"":""GB-LND"",""cartValueUsd"":48}",synthetic
ACT-0463,checkout_completed,CUS-0007,2025-03-24T12:06:00.000Z,"{""sessionId"":""session-0118"",""device"":""tablet"",""region"":""GB-LND"",""cartValueUsd"":48}",synthetic
ACT-0464,session_started,CUS-0024,2025-03-24T13:59:00.000Z,"{""sessionId"":""session-0119"",""device"":""desktop"",""region"":""US-TX""}",synthetic
ACT-0465,product_viewed,CUS-0024,2025-03-24T13:00:00.000Z,"{""sessionId"":""session-0119"",""device"":""desktop"",""region"":""US-TX"",""productId"":""product-24""}",synthetic
ACT-0466,session_started,CUS-0041,2025-03-25T14:00:00.000Z,"{""sessionId"":""session-0120"",""device"":""tablet"",""region"":""US-NY""}",synthetic
ACT-0467,product_viewed,CUS-0041,2025-03-25T14:01:00.000Z,"{""sessionId"":""session-0120"",""device"":""tablet"",""region"":""US-NY"",""productId"":""product-1""}",synthetic
ACT-0468,cart_added,CUS-0041,2025-03-25T14:03:00.000Z,"{""sessionId"":""session-0120"",""device"":""tablet"",""region"":""US-NY"",""quantity"":1}",synthetic
ACT-0469,feature_exposed,CUS-0041,2025-03-25T14:04:00.000Z,"{""sessionId"":""session-0120"",""device"":""tablet"",""region"":""US-NY"",""featureId"":""FEAT-0001""}",synthetic
ACT-0470,checkout_started,CUS-0041,2025-03-25T14:05:00.000Z,"{""sessionId"":""session-0120"",""device"":""tablet"",""region"":""US-NY"",""cartValueUsd"":50}",synthetic
ACT-0471,checkout_completed,CUS-0041,2025-03-25T14:08:00.000Z,"{""sessionId"":""session-0120"",""device"":""tablet"",""region"":""US-NY"",""cartValueUsd"":50}",synthetic
